[{"title":"Колок","content":"Затащить на пятюню","color":"yellow"},{"title":"Практика по фронтенду","content":"Написать убийцу Google Keep","color":"orange"},{"title":"Вынести мусор","content":"Не забыть вставить смешную шутку","color":"red"},{"title":"Найти оригинальные идеи","content":"спасите у меня нет сил придумывать текст этих заметок","color":"blue"}]